{
  "DY": {
    "DYJetsToLL_M-50_TuneCP5_13p6TeV-madgraphMLM-pythia8": 94675435.0
  },
  "QCD": {
    "QCD_PT-80to120": 294551037.9158875,
    "QCD_PT-800to1000": 287264557.8639114,
    "QCD_PT-600to800": 268918592.44128233,
    "QCD_PT-50to80": 170884951.0571622,
    "QCD_PT-470to600": 175636957.91902167,
    "QCD_PT-300to470": 169299431.8886565,
    "QCD_PT-170to300": 102910616.36691591,
    "QCD_PT-120to170": 66148974.36691591,
    "QCD_PT-3200": 9145192.0,
    "QCD_PT-2400to3200": 14140727.0,
    "QCD_PT-1800to2400": 14301808.0,
    "QCD_PT-1400to1800": 14617437.0,
    "QCD_PT-1000to1400": 18689995.0
  },
  "WtoLNu": {
    "WtoLNu-4Jets_4J": 30525536724.4976,
    "WtoLNu-4Jets_3J": 331330970142.24194,
    "WtoLNu-4Jets_2J": 624408533645.9891,
    "WtoLNu-2Jets_2J": 8653065378670.548,
    "WtoLNu-2Jets_1J": 24697360003127.18,
    "WtoLNu-2Jets_0J": 42157954643792.78
  },
  "Wto2Q": {
    "Wto2Q-2Jets_PTQQ-600_2J": 6539057.429884,
    "Wto2Q-2Jets_PTQQ-600_1J": 1763687.7784931995,
    "Wto2Q-2Jets_PTQQ-400to600_2J": 160575406.78368312,
    "Wto2Q-2Jets_PTQQ-400to600_1J": 38499649.7556,
    "Wto2Q-2Jets_PTQQ-200to400_2J": 61607111665.58857,
    "Wto2Q-2Jets_PTQQ-200to400_1J": 22699863528.349514,
    "Wto2Q-2Jets_PTQQ-100to200_2J": 1742170002288.7795,
    "Wto2Q-2Jets_PTQQ-100to200_1J": 1567065267177.695
  },
  "TT": {
    "TTtoLNu2Q": 88681042854.5997,
    "TTto4Q": 60403856822.71013,
    "TTto2L2Nu": 6819388906.618708
  }
}