{
    "xsec": { 
        "WW": 118.7, 
        "WZ": 63.396, 
        "ZZ": 15.705,
        "Stau_100_1000mm"	  : 0.3657,
        "Stau_100_100mm"	  : 0.3657,
        "Stau_100_10mm"		  : 0.3657,
        "Stau_100_1mm"		  : 0.3657,
        "Stau_100_0p1mm"	  : 0.3657,
        "Stau_100_0p01mm"	  : 0.3657,
        "Stau_200_1000mm"	  : 0.03031,
        "Stau_200_100mm"	  : 0.03031,
        "Stau_200_10mm"		  : 0.03031,
        "Stau_200_1mm"		  : 0.03031,
        "Stau_200_0p1mm"	  : 0.03031,
        "Stau_200_0p01mm"	  : 0.03031,
        "Stau_300_1000mm"	  : 0.006254,
        "Stau_300_100mm"	  : 0.006254,
        "Stau_300_10mm"		  : 0.006254,
        "Stau_300_1mm"		  : 0.006254,
        "Stau_300_0p1mm"	  : 0.006254,
        "Stau_300_0p01mm"	  : 0.006254,
        "Stau_500_1000mm"	  : 0.0006736,
        "Stau_500_100mm"	  : 0.0006736,
        "Stau_500_10mm"		  : 0.0006736,
        "Stau_500_1mm"		  : 0.0006736,
        "Stau_500_0p1mm"	  : 0.0006736,
        "Stau_500_0p01mm"	  : 0.0006736,
        "QCD_PT-50to80"		  : 1.676E7,
        "QCD_PT-80to120"	  : 2.514E6,
        "QCD_PT-120to170"	  : 4.423E5,
        "QCD_PT-170to300"	  : 1.134E5,
        "QCD_PT-300to470"	  : 7.61E3,
        "QCD_PT-470to600"	  : 6.266E2,
        "QCD_PT-600to800"	  : 1.795E2,
        "QCD_PT-800to1000"	  : 3.069E1,
        "QCD_PT-1000to1400"	  : 8.956,
        "QCD_PT-1400to1800"	  : 8.112E-1,
        "QCD_PT-1800to2400"	  : 1.152E-1,
        "QCD_PT-2400to3200"	  : 7.574E-3,
        "QCD_PT-3200"		  : 2.313E-4,
        "TTtoLNu2Q"		  : 7.621E2,
        "TTto4Q"		  : 7.621E2,
        "TTto2L2Nu"		  : 7.621E2,
        "DYJetsToLL"		  : 5.645E3,
        "WtoLNu-2Jets_0J"         : 5.570E4,
        "WtoLNu-2Jets_1J"         : 9.503E3,
        "WtoLNu-2Jets_2J"         : 3.536E3, 
        "WtoLNu-4Jets_1J"         : 9.160E3, 
        "WtoLNu-4Jets_2J"         : 2.930E3, 
        "WtoLNu-4Jets_3J"         : 8.636E2,
        "WtoLNu-4Jets_4J"         : 4.134E2,		
        "WtoLNu-4Jets"            : 5.542E4,		
        "Wto2Q-2Jets_PTQQ-100to200_2J" : 1.790E3, 
        "Wto2Q-2Jets_PTQQ-200to400_2J" : 2.263E2, 
        "Wto2Q-2Jets_PTQQ-400to600_2J" : 1.271E1, 
        "Wto2Q-2Jets_PTQQ-600_2J"      : 2.131E0, 
        "Wto2Q-2Jets_PTQQ-100to200_1J" : 1.514E3, 
        "Wto2Q-2Jets_PTQQ-200to400_1J" : 1.036E2, 
        "Wto2Q-2Jets_PTQQ-400to600_1J" : 3.503E0, 
        "Wto2Q-2Jets_PTQQ-600_1J"      : 4.238E1,
        "TWminusto2L2Nu"       : 3.599E1,
        "TWminustoLNu2Q"       : 3.599E1,
        "TbarWplusto2L2Nu"     : 3.605E1,
        "TbarWplustoLNu2Q"     : 3.605E1,
        "TBbarQ_t-channel_4FS" : 1.238E2,
        "TbarBQ_t-channel_4FS" : 7.547E1
    },
    "br": {
        "DYJetsToLL": 0.333333, 
        "TTto2L2Nu": 0.1111,
        "TTtoLNu2Q": 0.444,
        "TTto4Q": 0.444,
        "WW": 1,
        "WZ": 1,
        "ZZ": 1,
        "Stau_100_1000mm"	  : 1,
        "Stau_100_100mm"	  : 1,
        "Stau_100_10mm"		  : 1,
        "Stau_100_1mm"		  : 1,
        "Stau_100_0p1mm"	  : 1,
        "Stau_100_0p01mm"	  : 1,
        "Stau_200_1000mm"	  : 1,
        "Stau_200_100mm"	  : 1,
        "Stau_200_10mm"		  : 1,
        "Stau_200_1mm"		  : 1,
        "Stau_200_0p1mm"	  : 1,
        "Stau_200_0p01mm"	  : 1,
        "Stau_300_1000mm"	  : 1,
        "Stau_300_100mm"	  : 1,
        "Stau_300_10mm"		  : 1,
        "Stau_300_1mm"		  : 1,
        "Stau_300_0p1mm"	  : 1,
        "Stau_300_0p01mm"	  : 1,
        "Stau_500_1000mm"	  : 1,
        "Stau_500_100mm"	  : 1,
        "Stau_500_10mm"		  : 1,
        "Stau_500_1mm"		  : 1,
        "Stau_500_0p1mm"	  : 1,
        "Stau_500_0p01mm"	  : 1,
        "QCD_PT-50to80"		  : 1,
        "QCD_PT-80to120"	  : 1,
        "QCD_PT-120to170"	  : 1,
        "QCD_PT-170to300"	  : 1,
        "QCD_PT-300to470"	  : 1,
        "QCD_PT-470to600"	  : 1,
        "QCD_PT-600to800"	  : 1,
        "QCD_PT-800to1000"	  : 1,
        "QCD_PT-1000to1400"	  : 1,
        "QCD_PT-1400to1800"	  : 1,
        "QCD_PT-1800to2400"	  : 1,
        "QCD_PT-2400to3200"	  : 1,
        "QCD_PT-3200"		  : 1,
        "WtoLNu-2Jets_0J"         : 1,
        "WtoLNu-2Jets_1J"         : 1,
        "WtoLNu-2Jets_2J"         : 1,
        "WtoLNu-4Jets_1J"         : 1,
        "WtoLNu-4Jets_2J"         : 1,
        "WtoLNu-4Jets_3J"         : 1,
        "WtoLNu-4Jets_4J"         : 1,	
        "WtoLNu-4Jets"         : 1,	
        "Wto2Q-2Jets_PTQQ-100to200_2J" : 1,
        "Wto2Q-2Jets_PTQQ-200to400_2J" : 1,
        "Wto2Q-2Jets_PTQQ-400to600_2J" : 1,
        "Wto2Q-2Jets_PTQQ-600_2J"      : 1,
        "Wto2Q-2Jets_PTQQ-100to200_1J" : 1,
        "Wto2Q-2Jets_PTQQ-200to400_1J" : 1,
        "Wto2Q-2Jets_PTQQ-400to600_1J" : 1,
        "Wto2Q-2Jets_PTQQ-600_1J"      : 1,
        "TWminusto2L2Nu"       : 0.109,
        "TWminustoLNu2Q"       : 0.217,
        "TbarWplusto2L2Nu"     : 0.109,
        "TbarWplustoLNu2Q"     : 0.217,
        "TBbarQ_t-channel_4FS" : 1,
        "TbarBQ_t-channel_4FS" : 1
    }
}
